"","id","experiment","problems","age","educ","caucasian","hisp","black","middle.east","pacific.isl","native.am","south.asian","east.asian","southeast.asian","female","time","main.rating","time.spent","seen.before","face"
"78557698.1",78557698,"trust","Nope",27,"Post.Grad.Degree",1,0,0,0,0,0,0,0,0,0,1,48,5.797,2,"a.Cog"
"78592454.1",78592454,"trust","",25,"d.4.Yr.Coll",1,0,0,0,0,0,0,0,0,0,1,10,5.141,2,"a.Cog"
"78535832.1",78535832,"trust","no",24,"b.HS.only",0,1,0,0,0,0,0,0,0,0,1,40,6.585,2,"a.Cog"
"78599174.1",78599174,"trust","no",28,"d.4.Yr.Coll",1,0,0,0,0,0,0,0,0,0,1,100,4.055,1,"a.Cog"
"78519821.1",78519821,"trust","",41,"d.4.Yr.Coll",1,0,0,0,0,0,0,0,0,0,1,30,4.152,2,"a.Cog"
"78504272.1",78504272,"trust","no",32,"d.4.Yr.Coll",0,1,0,0,0,0,0,0,0,0,1,50,5.651,2,"a.Cog"
"78511216.1",78511216,"trust","no",24,"b.HS.only",1,0,0,0,0,0,0,0,0,0,1,9,8.531,2,"a.Cog"
"78585514.1",78585514,"trust","",29,"d.4.Yr.Coll",1,0,0,0,0,0,0,0,0,0,1,10,5.441,2,"a.Cog"
"78528526.1",78528526,"trust","no",30,"d.4.Yr.Coll",1,0,0,0,0,0,0,0,0,0,1,0,5.46,2,"a.Cog"
"78578713.1",78578713,"trust","no",41,"d.4.Yr.Coll",1,0,0,0,0,0,0,0,0,1,1,82,8.44,2,"a.Cog"
"78527067.1",78527067,"trust","no",32,"b.HS.only",1,0,0,0,0,0,0,0,0,1,1,0,4.945,2,"a.Cog"
"78560919.1",78560919,"trust","none",40,"d.4.Yr.Coll",1,0,0,0,0,0,0,0,0,0,1,30,10.196,2,"a.Cog"
"78579143.1",78579143,"trust","NO",46,"a.No.HS",1,0,0,0,0,0,0,0,0,1,1,10,6.99,2,"a.Cog"
"78553402.1",78553402,"trust","No",32,"d.4.Yr.Coll",1,0,0,0,0,0,0,0,0,0,1,100,3.814,2,"a.Cog"
"78505334.1",78505334,"trust","No",39,"c.2.Yr.Coll",1,0,0,0,0,0,0,0,0,0,1,40,4.016,2,"a.Cog"
"78583828.1",78583828,"trust","No.",35,"c.2.Yr.Coll",1,0,0,0,0,0,0,0,0,1,1,20,17.023,1,"a.Cog"
"78560549.1",78560549,"trust","no",47,"d.4.Yr.Coll",1,0,0,0,0,0,0,0,0,0,1,10,13.76,2,"a.Cog"
"78519295.1",78519295,"trust","no",31,"c.2.Yr.Coll",0,1,0,0,0,0,0,0,0,1,1,80,14.191,1,"a.Cog"
"78536169.1",78536169,"trust","no",59,"d.4.Yr.Coll",1,0,0,0,0,0,0,0,0,0,1,50,8.2,2,"a.Cog"
"78597857.1",78597857,"trust","No",25,"b.HS.only",1,0,0,0,0,0,0,0,1,0,1,8,5.894,2,"a.Cog"
"78591259.1",78591259,"trust","None",24,"c.2.Yr.Coll",1,0,0,0,0,0,0,0,0,0,1,30,8.42,2,"a.Cog"
"78585757.1",78585757,"trust","no, it ran very smoothly",48,"c.2.Yr.Coll",1,0,0,0,0,0,0,0,0,1,1,70,19.346,2,"a.Cog"
"78529505.1",78529505,"trust","No confusion or problems. ",33,"b.HS.only",1,0,0,0,0,0,0,0,0,0,1,100,5.037,2,"a.Cog"
"78556044.1",78556044,"trust","Went smoothly",19,"b.HS.only",0,0,0,0,1,0,0,0,0,1,1,57,11.923,2,"a.Cog"
"78561251.1",78561251,"trust","N/A",24,"d.4.Yr.Coll",1,0,0,0,0,0,0,0,0,0,1,10,5.148,2,"a.Cog"
"78535286.1",78535286,"trust","I did not experience any confusion or technical problems.",28,"b.HS.only",0,0,0,0,0,0,0,0,1,0,1,10,7.499,2,"a.Cog"
"78558226.1",78558226,"trust","No confusion or technical problems.",27,"c.2.Yr.Coll",0,1,0,0,0,0,0,0,0,0,1,50,6.762,2,"a.Cog"
"78542181.1",78542181,"trust","No problems at all",43,"c.2.Yr.Coll",1,0,0,0,0,0,0,0,0,1,1,33,14.972,2,"a.Cog"
"78528215.1",78528215,"trust","",36,"b.HS.only",0,0,0,0,0,0,0,0,1,0,1,10,9.682,2,"a.Cog"
"78568712.1",78568712,"trust","N/A",29,"b.HS.only",1,0,0,0,0,0,0,0,0,0,1,40,3.479,2,"a.Cog"
"78597180.1",78597180,"trust","No I did not",25,"d.4.Yr.Coll",1,0,0,0,0,0,0,0,0,0,1,92,3.287,2,"a.Cog"
"78598423.1",78598423,"trust","No",28,"c.2.Yr.Coll",0,1,0,0,0,0,0,0,0,0,1,10,8.76,2,"a.Cog"
"78547563.1",78547563,"trust","Not at all.",70,"d.4.Yr.Coll",1,0,0,0,0,0,0,0,0,0,1,50,12.562,2,"a.Cog"
"78526619.1",78526619,"trust","No problems.",25,"b.HS.only",0,0,0,0,0,1,0,0,0,0,1,10,6.023,1,"a.Cog"
"78585731.1",78585731,"trust","",28,"b.HS.only",1,0,0,0,0,0,0,0,0,0,1,100,6.563,2,"a.Cog"
"78540623.1",78540623,"trust","",29,"b.HS.only",0,1,0,0,0,0,0,0,0,1,1,10,11.708,2,"a.Cog"
"78535997.1",78535997,"trust","nope",34,"b.HS.only",1,0,0,0,0,0,0,0,0,0,1,100,23.325,2,"a.Cog"
"78563487.1",78563487,"trust","Nope",22,"b.HS.only",1,0,0,0,0,0,0,0,0,0,1,40,8.164,2,"a.Cog"
"78528362.1",78528362,"trust","none",25,"d.4.Yr.Coll",0,1,0,0,0,0,0,0,0,1,1,22,5.172,2,"a.Cog"
"78511567.1",78511567,"trust","none, thanks!",25,"c.2.Yr.Coll",1,0,0,0,0,0,0,0,0,1,1,20,10.91,2,"a.Cog"
"78503669.1",78503669,"trust","No issues.",30,"c.2.Yr.Coll",1,0,0,0,0,0,0,0,0,0,1,40,8.279,2,"a.Cog"
"78592487.1",78592487,"trust","none",24,"d.4.Yr.Coll",0,0,0,0,0,1,0,0,0,0,1,50,3.128,2,"a.Cog"
"78575970.1",78575970,"trust","No",31,"d.4.Yr.Coll",1,0,0,0,0,0,0,0,0,1,1,15,10.342,2,"a.Cog"
"78500101.1",78500101,"trust","a bit",19,"b.HS.only",1,0,0,0,0,0,0,0,0,0,1,36,3.293,2,"a.Cog"
"78531088.1",78531088,"trust","",38,"d.4.Yr.Coll",0,0,0,0,0,1,0,0,0,0,1,83,2.822,1,"a.Cog"
"78511239.1",78511239,"trust","No problems at all.",35,"d.4.Yr.Coll",0,0,0,0,0,1,0,0,0,0,1,25,14.209,2,"a.Cog"
"78571823.1",78571823,"trust","none",39,"b.HS.only",1,0,0,0,0,0,0,0,0,1,1,43,5.81,2,"a.Cog"
"78549910.1",78549910,"trust","",29,"c.2.Yr.Coll",1,0,0,0,0,0,0,0,0,0,1,50,4.544,2,"a.Cog"
"78543404.1",78543404,"trust","there were no problems.",27,"d.4.Yr.Coll",1,0,0,0,0,0,0,0,0,0,1,30,6.038,2,"a.Cog"
"78571407.1",78571407,"trust","",31,"c.2.Yr.Coll",0,1,0,0,1,0,0,0,0,1,1,40,4.343,2,"a.Cog"
"78535143.1",78535143,"trust","No problems or confusion. / ",54,"c.2.Yr.Coll",1,0,0,0,0,0,0,0,0,1,1,10,8.673,2,"a.Cog"
"78546735.1",78546735,"trust","No issues.",48,"b.HS.only",0,0,0,0,0,0,0,0,1,0,1,39,11.235,2,"a.Cog"
"78571450.1",78571450,"trust","",32,"Post.Grad.Degree",0,0,0,0,0,1,0,0,0,0,1,29,5.706,2,"a.Cog"
"78572783.1",78572783,"trust","No, I was unable to begin it for quite a few minutes as I received a phone call after accepting the hit. I finished the call and began the survey.",26,"c.2.Yr.Coll",1,0,0,0,0,0,0,0,0,1,1,60,14.103,1,"a.Cog"
"78536369.1",78536369,"trust","",22,"d.4.Yr.Coll",1,0,0,0,0,0,0,0,0,1,1,0,8.113,2,"a.Cog"
"78537733.1",78537733,"trust","none",27,"d.4.Yr.Coll",1,0,0,0,0,0,0,0,0,0,1,36,2.661,2,"a.Cog"
"78533517.1",78533517,"trust","no",41,"d.4.Yr.Coll",1,0,0,0,0,0,0,0,0,0,1,29,18.765,2,"a.Cog"
"78558814.1",78558814,"trust","",28,"d.4.Yr.Coll",1,0,0,0,0,0,0,0,0,0,1,50,12.388,2,"a.Cog"
"78552348.1",78552348,"trust","no",27,"b.HS.only",0,1,0,0,0,0,0,0,0,1,1,74,4.825,2,"a.Cog"
"78502147.1",78502147,"trust","none",27,"d.4.Yr.Coll",1,0,0,0,0,0,0,0,0,0,1,60,6.488,1,"a.Cog"
"78555053.1",78555053,"trust","N/A. Have a great week!",27,"c.2.Yr.Coll",1,0,0,0,0,0,0,0,0,1,1,23,3.719,2,"a.Cog"
"78505310.1",78505310,"trust","No problems.",32,"b.HS.only",1,0,0,0,0,0,0,1,0,0,1,50,16.611,2,"a.Cog"
"78562581.1",78562581,"trust","no",42,"b.HS.only",1,0,0,0,0,0,0,0,0,0,1,60,6.039,2,"a.Cog"
"78536669.1",78536669,"trust","no",35,"d.4.Yr.Coll",0,1,0,0,0,0,0,0,0,1,1,75,7.171,2,"a.Cog"
"78569892.1",78569892,"trust","No.",60,"d.4.Yr.Coll",0,0,0,0,0,0,0,0,1,0,1,0,4.897,2,"a.Cog"
"78543656.1",78543656,"trust","None at all!",25,"b.HS.only",1,0,0,0,0,0,0,0,0,0,1,60,7.286,2,"a.Cog"
"78597788.1",78597788,"trust","No",27,"b.HS.only",1,0,0,0,0,0,0,0,0,1,1,9,13.678,2,"a.Cog"
"78527562.1",78527562,"trust","No",28,"Post.Grad.Degree",0,0,0,0,0,0,0,0,1,0,1,60,13.82,2,"a.Cog"
"78513264.1",78513264,"trust","",36,"d.4.Yr.Coll",1,0,0,0,0,0,0,0,0,0,1,19,3.255,2,"a.Cog"
"78585081.1",78585081,"trust","No",28,"b.HS.only",1,0,0,0,0,0,0,0,0,0,1,0,9.247,2,"a.Cog"
"78583778.1",78583778,"trust","No.",43,"c.2.Yr.Coll",0,1,0,0,0,0,0,0,0,1,1,25,34.679,2,"a.Cog"
"78545323.1",78545323,"trust","No",38,"Post.Grad.Degree",1,0,0,0,0,0,0,0,0,1,1,20,10.279,2,"a.Cog"
"78511987.1",78511987,"trust","No",22,"b.HS.only",0,1,0,0,0,0,0,0,0,1,1,51,6.23,2,"a.Cog"
"78566645.1",78566645,"trust","no",22,"d.4.Yr.Coll",1,0,0,0,0,0,0,0,0,0,1,0,4.332,2,"a.Cog"
"78517354.1",78517354,"trust","None!",28,"Post.Grad.Degree",1,0,0,0,0,0,0,0,0,1,1,50,6.169,1,"a.Cog"
"78595773.1",78595773,"trust","no",38,"Post.Grad.Degree",1,0,0,0,0,0,0,0,0,0,1,94,4.215,2,"a.Cog"
"78526822.1",78526822,"trust","",25,"d.4.Yr.Coll",0,0,0,0,0,0,1,0,0,0,1,50,4.013,2,"a.Cog"
"78532223.1",78532223,"trust","No problems",35,"Post.Grad.Degree",0,0,0,0,0,1,0,0,0,1,1,100,9.021,2,"a.Cog"
"78546442.1",78546442,"trust","No",24,"d.4.Yr.Coll",0,1,0,0,0,0,0,0,0,0,1,50,20.125,2,"a.Cog"
"78541123.1",78541123,"trust","",24,"d.4.Yr.Coll",0,0,0,0,0,0,1,0,0,0,1,73,8.018,2,"a.Cog"
"78574221.1",78574221,"trust","",28,"d.4.Yr.Coll",0,0,0,0,0,0,0,0,1,0,1,13,7.645,2,"a.Cog"
"78596493.1",78596493,"trust","No",24,"c.2.Yr.Coll",1,0,0,0,0,0,0,0,0,1,1,20,5.007,2,"a.Cog"
"78536824.1",78536824,"trust","",26,"b.HS.only",1,0,0,0,0,0,0,0,0,0,1,27,4.183,2,"a.Cog"
"78572264.1",78572264,"trust","Nope",24,"b.HS.only",1,0,0,0,0,0,0,0,0,0,1,20,7.5,2,"a.Cog"
"78590426.1",78590426,"trust","No.",37,"d.4.Yr.Coll",1,0,0,0,0,0,1,0,0,1,1,20,13.842,2,"a.Cog"
"78597122.1",78597122,"trust","no",36,"b.HS.only",1,0,0,0,0,0,0,0,0,1,1,10,8.068,2,"a.Cog"
"78516566.1",78516566,"trust","No",27,"d.4.Yr.Coll",1,0,0,0,0,0,0,0,0,1,1,5,4.563,2,"a.Cog"
"78532651.1",78532651,"trust","NO",32,"c.2.Yr.Coll",1,0,0,0,0,0,0,0,0,0,1,28,15.084,2,"a.Cog"
"78527550.1",78527550,"trust","NO",62,"d.4.Yr.Coll",1,0,0,0,0,0,0,0,0,0,1,81,12.958,2,"a.Cog"
"78538966.1",78538966,"trust","No",60,"b.HS.only",1,0,0,0,0,0,0,0,0,0,1,100,11.959,2,"a.Cog"
"78506627.1",78506627,"trust","no",30,"d.4.Yr.Coll",1,0,0,0,0,0,0,0,0,0,1,100,4.792,2,"a.Cog"
"78556158.1",78556158,"trust","no",22,"b.HS.only",1,0,0,0,0,0,0,0,0,0,1,35,6.354,2,"a.Cog"
"78508435.1",78508435,"trust","no",30,"c.2.Yr.Coll",1,0,0,0,0,0,0,0,0,1,1,75,17.321,1,"a.Cog"
"78581615.1",78581615,"trust","",42,"d.4.Yr.Coll",1,0,0,0,0,0,0,0,0,1,1,40,46.844,2,"a.Cog"
"78593011.1",78593011,"trust","no",60,"d.4.Yr.Coll",1,0,0,0,0,0,0,0,0,0,1,30,38.109,2,"a.Cog"
"78561540.1",78561540,"trust","no",24,"c.2.Yr.Coll",1,0,0,0,0,0,0,0,0,0,1,27,6.714,2,"a.Cog"
"78538995.1",78538995,"trust","no",28,"b.HS.only",1,0,0,0,0,0,0,0,0,1,1,15,23.492,2,"a.Cog"
"78515210.1",78515210,"trust","no",23,"d.4.Yr.Coll",1,0,0,0,0,0,0,0,0,0,1,69,9.658,2,"a.Cog"
"78557698.2",78557698,"trust","Nope",27,"Post.Grad.Degree",1,0,0,0,0,0,0,0,0,0,2,48,4.292,2,"b.Plastic"
"78592454.2",78592454,"trust","",25,"d.4.Yr.Coll",1,0,0,0,0,0,0,0,0,0,2,61,4.951,2,"b.Plastic"
"78535832.2",78535832,"trust","no",24,"b.HS.only",0,1,0,0,0,0,0,0,0,0,2,80,12.219,2,"b.Plastic"
"78599174.2",78599174,"trust","no",28,"d.4.Yr.Coll",1,0,0,0,0,0,0,0,0,0,2,50,6.483,1,"b.Plastic"
"78519821.2",78519821,"trust","",41,"d.4.Yr.Coll",1,0,0,0,0,0,0,0,0,0,2,50,4.747,2,"b.Plastic"
"78504272.2",78504272,"trust","no",32,"d.4.Yr.Coll",0,1,0,0,0,0,0,0,0,0,2,50,5.309,1,"b.Plastic"
"78511216.2",78511216,"trust","no",24,"b.HS.only",1,0,0,0,0,0,0,0,0,0,2,10,3.65,2,"b.Plastic"
"78585514.2",78585514,"trust","",29,"d.4.Yr.Coll",1,0,0,0,0,0,0,0,0,0,2,20,16.545,2,"b.Plastic"
"78528526.2",78528526,"trust","no",30,"d.4.Yr.Coll",1,0,0,0,0,0,0,0,0,0,2,25,5.988,2,"b.Plastic"
"78578713.2",78578713,"trust","no",41,"d.4.Yr.Coll",1,0,0,0,0,0,0,0,0,1,2,30,8.311,2,"b.Plastic"
"78527067.2",78527067,"trust","no",32,"b.HS.only",1,0,0,0,0,0,0,0,0,1,2,10,6.484,2,"b.Plastic"
"78560919.2",78560919,"trust","none",40,"d.4.Yr.Coll",1,0,0,0,0,0,0,0,0,0,2,100,8.242,2,"b.Plastic"
"78579143.2",78579143,"trust","NO",46,"a.No.HS",1,0,0,0,0,0,0,0,0,1,2,50,21.099,2,"b.Plastic"
"78553402.2",78553402,"trust","No",32,"d.4.Yr.Coll",1,0,0,0,0,0,0,0,0,0,2,100,14.868,2,"b.Plastic"
"78505334.2",78505334,"trust","No",39,"c.2.Yr.Coll",1,0,0,0,0,0,0,0,0,0,2,50,3.909,2,"b.Plastic"
"78583828.2",78583828,"trust","No.",35,"c.2.Yr.Coll",1,0,0,0,0,0,0,0,0,1,2,15,9.333,2,"b.Plastic"
"78560549.2",78560549,"trust","no",47,"d.4.Yr.Coll",1,0,0,0,0,0,0,0,0,0,2,14,12.305,2,"b.Plastic"
"78519295.2",78519295,"trust","no",31,"c.2.Yr.Coll",0,1,0,0,0,0,0,0,0,1,2,90,12.704,2,"b.Plastic"
"78536169.2",78536169,"trust","no",59,"d.4.Yr.Coll",1,0,0,0,0,0,0,0,0,0,2,42,7.886,2,"b.Plastic"
"78597857.2",78597857,"trust","No",25,"b.HS.only",1,0,0,0,0,0,0,0,1,0,2,9,15.07,2,"b.Plastic"
"78591259.2",78591259,"trust","None",24,"c.2.Yr.Coll",1,0,0,0,0,0,0,0,0,0,2,20,11.235,2,"b.Plastic"
"78585757.2",78585757,"trust","no, it ran very smoothly",48,"c.2.Yr.Coll",1,0,0,0,0,0,0,0,0,1,2,29,22.665,2,"b.Plastic"
"78529505.2",78529505,"trust","No confusion or problems. ",33,"b.HS.only",1,0,0,0,0,0,0,0,0,0,2,100,20.348,2,"b.Plastic"
"78556044.2",78556044,"trust","Went smoothly",19,"b.HS.only",0,0,0,0,1,0,0,0,0,1,2,56,6.585,2,"b.Plastic"
"78561251.2",78561251,"trust","N/A",24,"d.4.Yr.Coll",1,0,0,0,0,0,0,0,0,0,2,10,8.19,2,"b.Plastic"
"78535286.2",78535286,"trust","I did not experience any confusion or technical problems.",28,"b.HS.only",0,0,0,0,0,0,0,0,1,0,2,50,10.454,2,"b.Plastic"
"78558226.2",78558226,"trust","No confusion or technical problems.",27,"c.2.Yr.Coll",0,1,0,0,0,0,0,0,0,0,2,45,5.552,2,"b.Plastic"
"78542181.2",78542181,"trust","No problems at all",43,"c.2.Yr.Coll",1,0,0,0,0,0,0,0,0,1,2,21,12.743,2,"b.Plastic"
"78528215.2",78528215,"trust","",36,"b.HS.only",0,0,0,0,0,0,0,0,1,0,2,12,6.29,2,"b.Plastic"
"78568712.2",78568712,"trust","N/A",29,"b.HS.only",1,0,0,0,0,0,0,0,0,0,2,35,4.855,2,"b.Plastic"
"78597180.2",78597180,"trust","No I did not",25,"d.4.Yr.Coll",1,0,0,0,0,0,0,0,0,0,2,81,3.932,2,"b.Plastic"
"78598423.2",78598423,"trust","No",28,"c.2.Yr.Coll",0,1,0,0,0,0,0,0,0,0,2,71,24.603,2,"b.Plastic"
"78547563.2",78547563,"trust","Not at all.",70,"d.4.Yr.Coll",1,0,0,0,0,0,0,0,0,0,2,50,11.93,2,"b.Plastic"
"78526619.2",78526619,"trust","No problems.",25,"b.HS.only",0,0,0,0,0,1,0,0,0,0,2,5,4.357,2,"b.Plastic"
"78585731.2",78585731,"trust","",28,"b.HS.only",1,0,0,0,0,0,0,0,0,0,2,100,22.571,2,"b.Plastic"
"78540623.2",78540623,"trust","",29,"b.HS.only",0,1,0,0,0,0,0,0,0,1,2,10,10.122,2,"b.Plastic"
"78535997.2",78535997,"trust","nope",34,"b.HS.only",1,0,0,0,0,0,0,0,0,0,2,5,3.63,2,"b.Plastic"
"78563487.2",78563487,"trust","Nope",22,"b.HS.only",1,0,0,0,0,0,0,0,0,0,2,80,13.8,2,"b.Plastic"
"78528362.2",78528362,"trust","none",25,"d.4.Yr.Coll",0,1,0,0,0,0,0,0,0,1,2,9,7.158,2,"b.Plastic"
"78511567.2",78511567,"trust","none, thanks!",25,"c.2.Yr.Coll",1,0,0,0,0,0,0,0,0,1,2,30,4.474,2,"b.Plastic"
"78503669.2",78503669,"trust","No issues.",30,"c.2.Yr.Coll",1,0,0,0,0,0,0,0,0,0,2,19,19.138,2,"b.Plastic"
"78592487.2",78592487,"trust","none",24,"d.4.Yr.Coll",0,0,0,0,0,1,0,0,0,0,2,54,3.911,1,"b.Plastic"
"78575970.2",78575970,"trust","No",31,"d.4.Yr.Coll",1,0,0,0,0,0,0,0,0,1,2,60,22.416,2,"b.Plastic"
"78500101.2",78500101,"trust","a bit",19,"b.HS.only",1,0,0,0,0,0,0,0,0,0,2,45,5.669,2,"b.Plastic"
"78531088.2",78531088,"trust","",38,"d.4.Yr.Coll",0,0,0,0,0,1,0,0,0,0,2,52,6.636,2,"b.Plastic"
"78511239.2",78511239,"trust","No problems at all.",35,"d.4.Yr.Coll",0,0,0,0,0,1,0,0,0,0,2,20,23.158,2,"b.Plastic"
"78571823.2",78571823,"trust","none",39,"b.HS.only",1,0,0,0,0,0,0,0,0,1,2,80,4.249,2,"b.Plastic"
"78549910.2",78549910,"trust","",29,"c.2.Yr.Coll",1,0,0,0,0,0,0,0,0,0,2,25,10.807,2,"b.Plastic"
"78543404.2",78543404,"trust","there were no problems.",27,"d.4.Yr.Coll",1,0,0,0,0,0,0,0,0,0,2,28,134.8,2,"b.Plastic"
"78571407.2",78571407,"trust","",31,"c.2.Yr.Coll",0,1,0,0,1,0,0,0,0,1,2,40,4.908,2,"b.Plastic"
"78535143.2",78535143,"trust","No problems or confusion. / ",54,"c.2.Yr.Coll",1,0,0,0,0,0,0,0,0,1,2,0,3.818,2,"b.Plastic"
"78546735.2",78546735,"trust","No issues.",48,"b.HS.only",0,0,0,0,0,0,0,0,1,0,2,19,7.845,2,"b.Plastic"
"78571450.2",78571450,"trust","",32,"Post.Grad.Degree",0,0,0,0,0,1,0,0,0,0,2,22,8.713,2,"b.Plastic"
"78572783.2",78572783,"trust","No, I was unable to begin it for quite a few minutes as I received a phone call after accepting the hit. I finished the call and began the survey.",26,"c.2.Yr.Coll",1,0,0,0,0,0,0,0,0,1,2,0,11.467,2,"b.Plastic"
"78536369.2",78536369,"trust","",22,"d.4.Yr.Coll",1,0,0,0,0,0,0,0,0,1,2,0,18.072,2,"b.Plastic"
"78537733.2",78537733,"trust","none",27,"d.4.Yr.Coll",1,0,0,0,0,0,0,0,0,0,2,30,4.319,2,"b.Plastic"
"78533517.2",78533517,"trust","no",41,"d.4.Yr.Coll",1,0,0,0,0,0,0,0,0,0,2,21,5.795,1,"b.Plastic"
"78558814.2",78558814,"trust","",28,"d.4.Yr.Coll",1,0,0,0,0,0,0,0,0,0,2,50,8.237,2,"b.Plastic"
"78552348.2",78552348,"trust","no",27,"b.HS.only",0,1,0,0,0,0,0,0,0,1,2,70,140.406,1,"b.Plastic"
"78502147.2",78502147,"trust","none",27,"d.4.Yr.Coll",1,0,0,0,0,0,0,0,0,0,2,41,3.845,2,"b.Plastic"
"78555053.2",78555053,"trust","N/A. Have a great week!",27,"c.2.Yr.Coll",1,0,0,0,0,0,0,0,0,1,2,62,4.698,2,"b.Plastic"
"78505310.2",78505310,"trust","No problems.",32,"b.HS.only",1,0,0,0,0,0,0,1,0,0,2,30,7.814,2,"b.Plastic"
"78562581.2",78562581,"trust","no",42,"b.HS.only",1,0,0,0,0,0,0,0,0,0,2,60,7.477,2,"b.Plastic"
"78536669.2",78536669,"trust","no",35,"d.4.Yr.Coll",0,1,0,0,0,0,0,0,0,1,2,80,10.569,2,"b.Plastic"
"78569892.2",78569892,"trust","No.",60,"d.4.Yr.Coll",0,0,0,0,0,0,0,0,1,0,2,35,15.916,2,"b.Plastic"
"78543656.2",78543656,"trust","None at all!",25,"b.HS.only",1,0,0,0,0,0,0,0,0,0,2,40,4.094,2,"b.Plastic"
"78597788.2",78597788,"trust","No",27,"b.HS.only",1,0,0,0,0,0,0,0,0,1,2,30,14.864,2,"b.Plastic"
"78527562.2",78527562,"trust","No",28,"Post.Grad.Degree",0,0,0,0,0,0,0,0,1,0,2,61,14.386,2,"b.Plastic"
"78513264.2",78513264,"trust","",36,"d.4.Yr.Coll",1,0,0,0,0,0,0,0,0,0,2,9,5.222,2,"b.Plastic"
"78585081.2",78585081,"trust","No",28,"b.HS.only",1,0,0,0,0,0,0,0,0,0,2,0,5.549,2,"b.Plastic"
"78583778.2",78583778,"trust","No.",43,"c.2.Yr.Coll",0,1,0,0,0,0,0,0,0,1,2,3,35.59,2,"b.Plastic"
"78545323.2",78545323,"trust","No",38,"Post.Grad.Degree",1,0,0,0,0,0,0,0,0,1,2,15,6.496,2,"b.Plastic"
"78511987.2",78511987,"trust","No",22,"b.HS.only",0,1,0,0,0,0,0,0,0,1,2,41,4.18,2,"b.Plastic"
"78566645.2",78566645,"trust","no",22,"d.4.Yr.Coll",1,0,0,0,0,0,0,0,0,0,2,40,3.809,2,"b.Plastic"
"78517354.2",78517354,"trust","None!",28,"Post.Grad.Degree",1,0,0,0,0,0,0,0,0,1,2,30,5.306,2,"b.Plastic"
"78595773.2",78595773,"trust","no",38,"Post.Grad.Degree",1,0,0,0,0,0,0,0,0,0,2,100,5.258,2,"b.Plastic"
"78526822.2",78526822,"trust","",25,"d.4.Yr.Coll",0,0,0,0,0,0,1,0,0,0,2,10,28.622,2,"b.Plastic"
"78532223.2",78532223,"trust","No problems",35,"Post.Grad.Degree",0,0,0,0,0,1,0,0,0,1,2,100,7.071,2,"b.Plastic"
"78546442.2",78546442,"trust","No",24,"d.4.Yr.Coll",0,1,0,0,0,0,0,0,0,0,2,90,16.275,2,"b.Plastic"
"78541123.2",78541123,"trust","",24,"d.4.Yr.Coll",0,0,0,0,0,0,1,0,0,0,2,23,13.352,2,"b.Plastic"
"78574221.2",78574221,"trust","",28,"d.4.Yr.Coll",0,0,0,0,0,0,0,0,1,0,2,10,3.365,2,"b.Plastic"
"78596493.2",78596493,"trust","No",24,"c.2.Yr.Coll",1,0,0,0,0,0,0,0,0,1,2,50,4.268,2,"b.Plastic"
"78536824.2",78536824,"trust","",26,"b.HS.only",1,0,0,0,0,0,0,0,0,0,2,37,7.635,1,"b.Plastic"
"78572264.2",78572264,"trust","Nope",24,"b.HS.only",1,0,0,0,0,0,0,0,0,0,2,50,4.751,2,"b.Plastic"
"78590426.2",78590426,"trust","No.",37,"d.4.Yr.Coll",1,0,0,0,0,0,1,0,0,1,2,12,8.67,2,"b.Plastic"
"78597122.2",78597122,"trust","no",36,"b.HS.only",1,0,0,0,0,0,0,0,0,1,2,20,9.12,2,"b.Plastic"
"78516566.2",78516566,"trust","No",27,"d.4.Yr.Coll",1,0,0,0,0,0,0,0,0,1,2,15,7.677,2,"b.Plastic"
"78532651.2",78532651,"trust","NO",32,"c.2.Yr.Coll",1,0,0,0,0,0,0,0,0,0,2,20,14.047,2,"b.Plastic"
"78527550.2",78527550,"trust","NO",62,"d.4.Yr.Coll",1,0,0,0,0,0,0,0,0,0,2,91,8.116,2,"b.Plastic"
"78538966.2",78538966,"trust","No",60,"b.HS.only",1,0,0,0,0,0,0,0,0,0,2,100,17.019,2,"b.Plastic"
"78506627.2",78506627,"trust","no",30,"d.4.Yr.Coll",1,0,0,0,0,0,0,0,0,0,2,100,3.011,2,"b.Plastic"
"78556158.2",78556158,"trust","no",22,"b.HS.only",1,0,0,0,0,0,0,0,0,0,2,70,7.352,2,"b.Plastic"
"78508435.2",78508435,"trust","no",30,"c.2.Yr.Coll",1,0,0,0,0,0,0,0,0,1,2,75,6.269,2,"b.Plastic"
"78581615.2",78581615,"trust","",42,"d.4.Yr.Coll",1,0,0,0,0,0,0,0,0,1,2,15,18.576,2,"b.Plastic"
"78593011.2",78593011,"trust","no",60,"d.4.Yr.Coll",1,0,0,0,0,0,0,0,0,0,2,32,14.787,2,"b.Plastic"
"78561540.2",78561540,"trust","no",24,"c.2.Yr.Coll",1,0,0,0,0,0,0,0,0,0,2,90,6.75,2,"b.Plastic"
"78538995.2",78538995,"trust","no",28,"b.HS.only",1,0,0,0,0,0,0,0,0,1,2,24,19.982,2,"b.Plastic"
"78515210.2",78515210,"trust","no",23,"d.4.Yr.Coll",1,0,0,0,0,0,0,0,0,0,2,39,7.583,2,"b.Plastic"
"78557698.3",78557698,"trust","Nope",27,"Post.Grad.Degree",1,0,0,0,0,0,0,0,0,0,3,51,11.128,2,"c.Printed"
"78592454.3",78592454,"trust","",25,"d.4.Yr.Coll",1,0,0,0,0,0,0,0,0,0,3,8,3.405,2,"c.Printed"
"78535832.3",78535832,"trust","no",24,"b.HS.only",0,1,0,0,0,0,0,0,0,0,3,30,7.865,2,"c.Printed"
"78599174.3",78599174,"trust","no",28,"d.4.Yr.Coll",1,0,0,0,0,0,0,0,0,0,3,65,3.645,1,"c.Printed"
"78519821.3",78519821,"trust","",41,"d.4.Yr.Coll",1,0,0,0,0,0,0,0,0,0,3,80,9.188,2,"c.Printed"
"78504272.3",78504272,"trust","no",32,"d.4.Yr.Coll",0,1,0,0,0,0,0,0,0,0,3,50,3.924,2,"c.Printed"
"78511216.3",78511216,"trust","no",24,"b.HS.only",1,0,0,0,0,0,0,0,0,0,3,16,5.643,2,"c.Printed"
"78585514.3",78585514,"trust","",29,"d.4.Yr.Coll",1,0,0,0,0,0,0,0,0,0,3,0,4.25,2,"c.Printed"
"78528526.3",78528526,"trust","no",30,"d.4.Yr.Coll",1,0,0,0,0,0,0,0,0,0,3,9,4.684,2,"c.Printed"
"78578713.3",78578713,"trust","no",41,"d.4.Yr.Coll",1,0,0,0,0,0,0,0,0,1,3,41,7.547,2,"c.Printed"
"78527067.3",78527067,"trust","no",32,"b.HS.only",1,0,0,0,0,0,0,0,0,1,3,5,17.905,2,"c.Printed"
"78560919.3",78560919,"trust","none",40,"d.4.Yr.Coll",1,0,0,0,0,0,0,0,0,0,3,50,7.594,2,"c.Printed"
"78579143.3",78579143,"trust","NO",46,"a.No.HS",1,0,0,0,0,0,0,0,0,1,3,40,11.813,2,"c.Printed"
"78553402.3",78553402,"trust","No",32,"d.4.Yr.Coll",1,0,0,0,0,0,0,0,0,0,3,100,4.371,2,"c.Printed"
"78505334.3",78505334,"trust","No",39,"c.2.Yr.Coll",1,0,0,0,0,0,0,0,0,0,3,49,3.742,2,"c.Printed"
"78583828.3",78583828,"trust","No.",35,"c.2.Yr.Coll",1,0,0,0,0,0,0,0,0,1,3,12,6.756,2,"c.Printed"
"78560549.3",78560549,"trust","no",47,"d.4.Yr.Coll",1,0,0,0,0,0,0,0,0,0,3,20,6.984,2,"c.Printed"
"78519295.3",78519295,"trust","no",31,"c.2.Yr.Coll",0,1,0,0,0,0,0,0,0,1,3,20,15.863,2,"c.Printed"
"78536169.3",78536169,"trust","no",59,"d.4.Yr.Coll",1,0,0,0,0,0,0,0,0,0,3,19,7.366,2,"c.Printed"
"78597857.3",78597857,"trust","No",25,"b.HS.only",1,0,0,0,0,0,0,0,1,0,3,0,5.002,2,"c.Printed"
"78591259.3",78591259,"trust","None",24,"c.2.Yr.Coll",1,0,0,0,0,0,0,0,0,0,3,10,6.283,2,"c.Printed"
"78585757.3",78585757,"trust","no, it ran very smoothly",48,"c.2.Yr.Coll",1,0,0,0,0,0,0,0,0,1,3,8,9.16,2,"c.Printed"
"78529505.3",78529505,"trust","No confusion or problems. ",33,"b.HS.only",1,0,0,0,0,0,0,0,0,0,3,100,7.898,2,"c.Printed"
"78556044.3",78556044,"trust","Went smoothly",19,"b.HS.only",0,0,0,0,1,0,0,0,0,1,3,55,24.621,2,"c.Printed"
"78561251.3",78561251,"trust","N/A",24,"d.4.Yr.Coll",1,0,0,0,0,0,0,0,0,0,3,10,7.23,2,"c.Printed"
"78535286.3",78535286,"trust","I did not experience any confusion or technical problems.",28,"b.HS.only",0,0,0,0,0,0,0,0,1,0,3,45,9.943,2,"c.Printed"
"78558226.3",78558226,"trust","No confusion or technical problems.",27,"c.2.Yr.Coll",0,1,0,0,0,0,0,0,0,0,3,45,5.49,2,"c.Printed"
"78542181.3",78542181,"trust","No problems at all",43,"c.2.Yr.Coll",1,0,0,0,0,0,0,0,0,1,3,57,9.29,2,"c.Printed"
"78528215.3",78528215,"trust","",36,"b.HS.only",0,0,0,0,0,0,0,0,1,0,3,5,6.925,2,"c.Printed"
"78568712.3",78568712,"trust","N/A",29,"b.HS.only",1,0,0,0,0,0,0,0,0,0,3,40,6.339,2,"c.Printed"
"78597180.3",78597180,"trust","No I did not",25,"d.4.Yr.Coll",1,0,0,0,0,0,0,0,0,0,3,100,3.663,2,"c.Printed"
"78598423.3",78598423,"trust","No",28,"c.2.Yr.Coll",0,1,0,0,0,0,0,0,0,0,3,0,15.387,2,"c.Printed"
"78547563.3",78547563,"trust","Not at all.",70,"d.4.Yr.Coll",1,0,0,0,0,0,0,0,0,0,3,50,18.134,2,"c.Printed"
"78526619.3",78526619,"trust","No problems.",25,"b.HS.only",0,0,0,0,0,1,0,0,0,0,3,0,3.989,2,"c.Printed"
"78585731.3",78585731,"trust","",28,"b.HS.only",1,0,0,0,0,0,0,0,0,0,3,100,16.094,2,"c.Printed"
"78540623.3",78540623,"trust","",29,"b.HS.only",0,1,0,0,0,0,0,0,0,1,3,30,8.283,2,"c.Printed"
"78535997.3",78535997,"trust","nope",34,"b.HS.only",1,0,0,0,0,0,0,0,0,0,3,48,5.626,2,"c.Printed"
"78563487.3",78563487,"trust","Nope",22,"b.HS.only",1,0,0,0,0,0,0,0,0,0,3,15,8.494,2,"c.Printed"
"78528362.3",78528362,"trust","none",25,"d.4.Yr.Coll",0,1,0,0,0,0,0,0,0,1,3,10,13.506,1,"c.Printed"
"78511567.3",78511567,"trust","none, thanks!",25,"c.2.Yr.Coll",1,0,0,0,0,0,0,0,0,1,3,20,5.386,2,"c.Printed"
"78503669.3",78503669,"trust","No issues.",30,"c.2.Yr.Coll",1,0,0,0,0,0,0,0,0,0,3,15,11.045,2,"c.Printed"
"78592487.3",78592487,"trust","none",24,"d.4.Yr.Coll",0,0,0,0,0,1,0,0,0,0,3,40,3.702,1,"c.Printed"
"78575970.3",78575970,"trust","No",31,"d.4.Yr.Coll",1,0,0,0,0,0,0,0,0,1,3,50,13.459,2,"c.Printed"
"78500101.3",78500101,"trust","a bit",19,"b.HS.only",1,0,0,0,0,0,0,0,0,0,3,62,4.002,2,"c.Printed"
"78531088.3",78531088,"trust","",38,"d.4.Yr.Coll",0,0,0,0,0,1,0,0,0,0,3,84,3.168,1,"c.Printed"
"78511239.3",78511239,"trust","No problems at all.",35,"d.4.Yr.Coll",0,0,0,0,0,1,0,0,0,0,3,30,34.105,2,"c.Printed"
"78571823.3",78571823,"trust","none",39,"b.HS.only",1,0,0,0,0,0,0,0,0,1,3,64,3.827,2,"c.Printed"
"78549910.3",78549910,"trust","",29,"c.2.Yr.Coll",1,0,0,0,0,0,0,0,0,0,3,46,3.157,2,"c.Printed"
"78543404.3",78543404,"trust","there were no problems.",27,"d.4.Yr.Coll",1,0,0,0,0,0,0,0,0,0,3,40,8.133,2,"c.Printed"
"78571407.3",78571407,"trust","",31,"c.2.Yr.Coll",0,1,0,0,1,0,0,0,0,1,3,30,4.864,2,"c.Printed"
"78535143.3",78535143,"trust","No problems or confusion. / ",54,"c.2.Yr.Coll",1,0,0,0,0,0,0,0,0,1,3,0,4.562,2,"c.Printed"
"78546735.3",78546735,"trust","No issues.",48,"b.HS.only",0,0,0,0,0,0,0,0,1,0,3,19,6.693,2,"c.Printed"
"78571450.3",78571450,"trust","",32,"Post.Grad.Degree",0,0,0,0,0,1,0,0,0,0,3,27,8.527,2,"c.Printed"
"78572783.3",78572783,"trust","No, I was unable to begin it for quite a few minutes as I received a phone call after accepting the hit. I finished the call and began the survey.",26,"c.2.Yr.Coll",1,0,0,0,0,0,0,0,0,1,3,20,10.376,1,"c.Printed"
"78536369.3",78536369,"trust","",22,"d.4.Yr.Coll",1,0,0,0,0,0,0,0,0,1,3,0,3.882,2,"c.Printed"
"78537733.3",78537733,"trust","none",27,"d.4.Yr.Coll",1,0,0,0,0,0,0,0,0,0,3,24,7.772,2,"c.Printed"
"78533517.3",78533517,"trust","no",41,"d.4.Yr.Coll",1,0,0,0,0,0,0,0,0,0,3,29,3.735,2,"c.Printed"
"78558814.3",78558814,"trust","",28,"d.4.Yr.Coll",1,0,0,0,0,0,0,0,0,0,3,50,5.437,2,"c.Printed"
"78552348.3",78552348,"trust","no",27,"b.HS.only",0,1,0,0,0,0,0,0,0,1,3,65,5.406,1,"c.Printed"
"78502147.3",78502147,"trust","none",27,"d.4.Yr.Coll",1,0,0,0,0,0,0,0,0,0,3,30,6.662,2,"c.Printed"
"78555053.3",78555053,"trust","N/A. Have a great week!",27,"c.2.Yr.Coll",1,0,0,0,0,0,0,0,0,1,3,71,4.212,2,"c.Printed"
"78505310.3",78505310,"trust","No problems.",32,"b.HS.only",1,0,0,0,0,0,0,1,0,0,3,40,9.075,2,"c.Printed"
"78562581.3",78562581,"trust","no",42,"b.HS.only",1,0,0,0,0,0,0,0,0,0,3,60,27.722,2,"c.Printed"
"78536669.3",78536669,"trust","no",35,"d.4.Yr.Coll",0,1,0,0,0,0,0,0,0,1,3,100,5.917,2,"c.Printed"
"78569892.3",78569892,"trust","No.",60,"d.4.Yr.Coll",0,0,0,0,0,0,0,0,1,0,3,30,8.648,2,"c.Printed"
"78543656.3",78543656,"trust","None at all!",25,"b.HS.only",1,0,0,0,0,0,0,0,0,0,3,61,5.496,2,"c.Printed"
"78597788.3",78597788,"trust","No",27,"b.HS.only",1,0,0,0,0,0,0,0,0,1,3,20,8.114,2,"c.Printed"
"78527562.3",78527562,"trust","No",28,"Post.Grad.Degree",0,0,0,0,0,0,0,0,1,0,3,20,18.254,2,"c.Printed"
"78513264.3",78513264,"trust","",36,"d.4.Yr.Coll",1,0,0,0,0,0,0,0,0,0,3,26,6.061,2,"c.Printed"
"78585081.3",78585081,"trust","No",28,"b.HS.only",1,0,0,0,0,0,0,0,0,0,3,0,6.352,2,"c.Printed"
"78583778.3",78583778,"trust","No.",43,"c.2.Yr.Coll",0,1,0,0,0,0,0,0,0,1,3,30,36.47,2,"c.Printed"
"78545323.3",78545323,"trust","No",38,"Post.Grad.Degree",1,0,0,0,0,0,0,0,0,1,3,0,4.599,2,"c.Printed"
"78511987.3",78511987,"trust","No",22,"b.HS.only",0,1,0,0,0,0,0,0,0,1,3,54,5.017,2,"c.Printed"
"78566645.3",78566645,"trust","no",22,"d.4.Yr.Coll",1,0,0,0,0,0,0,0,0,0,3,18,4.239,2,"c.Printed"
"78517354.3",78517354,"trust","None!",28,"Post.Grad.Degree",1,0,0,0,0,0,0,0,0,1,3,10,5.739,2,"c.Printed"
"78595773.3",78595773,"trust","no",38,"Post.Grad.Degree",1,0,0,0,0,0,0,0,0,0,3,88,3.72,2,"c.Printed"
"78526822.3",78526822,"trust","",25,"d.4.Yr.Coll",0,0,0,0,0,0,1,0,0,0,3,5,7.223,2,"c.Printed"
"78532223.3",78532223,"trust","No problems",35,"Post.Grad.Degree",0,0,0,0,0,1,0,0,0,1,3,100,9.924,2,"c.Printed"
"78546442.3",78546442,"trust","No",24,"d.4.Yr.Coll",0,1,0,0,0,0,0,0,0,0,3,50,6.039,2,"c.Printed"
"78541123.3",78541123,"trust","",24,"d.4.Yr.Coll",0,0,0,0,0,0,1,0,0,0,3,18,4.697,2,"c.Printed"
"78574221.3",78574221,"trust","",28,"d.4.Yr.Coll",0,0,0,0,0,0,0,0,1,0,3,10,2.881,2,"c.Printed"
"78596493.3",78596493,"trust","No",24,"c.2.Yr.Coll",1,0,0,0,0,0,0,0,0,1,3,40,4.407,2,"c.Printed"
"78536824.3",78536824,"trust","",26,"b.HS.only",1,0,0,0,0,0,0,0,0,0,3,24,3.641,2,"c.Printed"
"78572264.3",78572264,"trust","Nope",24,"b.HS.only",1,0,0,0,0,0,0,0,0,0,3,29,6.196,2,"c.Printed"
"78590426.3",78590426,"trust","No.",37,"d.4.Yr.Coll",1,0,0,0,0,0,1,0,0,1,3,10,16.539,2,"c.Printed"
"78597122.3",78597122,"trust","no",36,"b.HS.only",1,0,0,0,0,0,0,0,0,1,3,10,11.672,2,"c.Printed"
"78516566.3",78516566,"trust","No",27,"d.4.Yr.Coll",1,0,0,0,0,0,0,0,0,1,3,12,5.039,1,"c.Printed"
"78532651.3",78532651,"trust","NO",32,"c.2.Yr.Coll",1,0,0,0,0,0,0,0,0,0,3,30,21.927,2,"c.Printed"
"78527550.3",78527550,"trust","NO",62,"d.4.Yr.Coll",1,0,0,0,0,0,0,0,0,0,3,72,6.348,2,"c.Printed"
"78538966.3",78538966,"trust","No",60,"b.HS.only",1,0,0,0,0,0,0,0,0,0,3,0,8.228,2,"c.Printed"
"78506627.3",78506627,"trust","no",30,"d.4.Yr.Coll",1,0,0,0,0,0,0,0,0,0,3,100,3.529,2,"c.Printed"
"78556158.3",78556158,"trust","no",22,"b.HS.only",1,0,0,0,0,0,0,0,0,0,3,15,7.037,2,"c.Printed"
"78508435.3",78508435,"trust","no",30,"c.2.Yr.Coll",1,0,0,0,0,0,0,0,0,1,3,75,8.413,2,"c.Printed"
"78581615.3",78581615,"trust","",42,"d.4.Yr.Coll",1,0,0,0,0,0,0,0,0,1,3,20,39.403,2,"c.Printed"
"78593011.3",78593011,"trust","no",60,"d.4.Yr.Coll",1,0,0,0,0,0,0,0,0,0,3,40,14.652,2,"c.Printed"
"78561540.3",78561540,"trust","no",24,"c.2.Yr.Coll",1,0,0,0,0,0,0,0,0,0,3,48,4.995,2,"c.Printed"
"78538995.3",78538995,"trust","no",28,"b.HS.only",1,0,0,0,0,0,0,0,0,1,3,15,10.115,2,"c.Printed"
"78515210.3",78515210,"trust","no",23,"d.4.Yr.Coll",1,0,0,0,0,0,0,0,0,0,3,83,9.212,1,"c.Printed"
"78557698.4",78557698,"trust","Nope",27,"Post.Grad.Degree",1,0,0,0,0,0,0,0,0,0,4,50,2.887,2,"d.Whiteface"
"78592454.4",78592454,"trust","",25,"d.4.Yr.Coll",1,0,0,0,0,0,0,0,0,0,4,19,4.208,1,"d.Whiteface"
"78535832.4",78535832,"trust","no",24,"b.HS.only",0,1,0,0,0,0,0,0,0,0,4,20,6.301,2,"d.Whiteface"
"78599174.4",78599174,"trust","no",28,"d.4.Yr.Coll",1,0,0,0,0,0,0,0,0,0,4,98,5.777,1,"d.Whiteface"
"78519821.4",78519821,"trust","",41,"d.4.Yr.Coll",1,0,0,0,0,0,0,0,0,0,4,37,8.741,2,"d.Whiteface"
"78504272.4",78504272,"trust","no",32,"d.4.Yr.Coll",0,1,0,0,0,0,0,0,0,0,4,50,7.269,2,"d.Whiteface"
"78511216.4",78511216,"trust","no",24,"b.HS.only",1,0,0,0,0,0,0,0,0,0,4,9,9.797,2,"d.Whiteface"
"78585514.4",78585514,"trust","",29,"d.4.Yr.Coll",1,0,0,0,0,0,0,0,0,0,4,9,6.068,2,"d.Whiteface"
"78528526.4",78528526,"trust","no",30,"d.4.Yr.Coll",1,0,0,0,0,0,0,0,0,0,4,9,6.852,2,"d.Whiteface"
"78578713.4",78578713,"trust","no",41,"d.4.Yr.Coll",1,0,0,0,0,0,0,0,0,1,4,17,9.772,2,"d.Whiteface"
"78527067.4",78527067,"trust","no",32,"b.HS.only",1,0,0,0,0,0,0,0,0,1,4,5,9.371,2,"d.Whiteface"
"78560919.4",78560919,"trust","none",40,"d.4.Yr.Coll",1,0,0,0,0,0,0,0,0,0,4,75,8.004,2,"d.Whiteface"
"78579143.4",78579143,"trust","NO",46,"a.No.HS",1,0,0,0,0,0,0,0,0,1,4,20,9.361,2,"d.Whiteface"
"78553402.4",78553402,"trust","No",32,"d.4.Yr.Coll",1,0,0,0,0,0,0,0,0,0,4,100,3.452,2,"d.Whiteface"
"78505334.4",78505334,"trust","No",39,"c.2.Yr.Coll",1,0,0,0,0,0,0,0,0,0,4,50,6.738,2,"d.Whiteface"
"78583828.4",78583828,"trust","No.",35,"c.2.Yr.Coll",1,0,0,0,0,0,0,0,0,1,4,4,5.616,1,"d.Whiteface"
"78560549.4",78560549,"trust","no",47,"d.4.Yr.Coll",1,0,0,0,0,0,0,0,0,0,4,10,8.12,2,"d.Whiteface"
"78519295.4",78519295,"trust","no",31,"c.2.Yr.Coll",0,1,0,0,0,0,0,0,0,1,4,60,10.149,1,"d.Whiteface"
"78536169.4",78536169,"trust","no",59,"d.4.Yr.Coll",1,0,0,0,0,0,0,0,0,0,4,15,9.336,2,"d.Whiteface"
"78597857.4",78597857,"trust","No",25,"b.HS.only",1,0,0,0,0,0,0,0,1,0,4,7,6.93,2,"d.Whiteface"
"78591259.4",78591259,"trust","None",24,"c.2.Yr.Coll",1,0,0,0,0,0,0,0,0,0,4,10,8.848,2,"d.Whiteface"
"78585757.4",78585757,"trust","no, it ran very smoothly",48,"c.2.Yr.Coll",1,0,0,0,0,0,0,0,0,1,4,50,10.429,2,"d.Whiteface"
"78529505.4",78529505,"trust","No confusion or problems. ",33,"b.HS.only",1,0,0,0,0,0,0,0,0,0,4,100,6.287,2,"d.Whiteface"
"78556044.4",78556044,"trust","Went smoothly",19,"b.HS.only",0,0,0,0,1,0,0,0,0,1,4,49,6.404,2,"d.Whiteface"
"78561251.4",78561251,"trust","N/A",24,"d.4.Yr.Coll",1,0,0,0,0,0,0,0,0,0,4,0,4.791,2,"d.Whiteface"
"78535286.4",78535286,"trust","I did not experience any confusion or technical problems.",28,"b.HS.only",0,0,0,0,0,0,0,0,1,0,4,85,6.362,2,"d.Whiteface"
"78558226.4",78558226,"trust","No confusion or technical problems.",27,"c.2.Yr.Coll",0,1,0,0,0,0,0,0,0,0,4,35,4.455,2,"d.Whiteface"
"78542181.4",78542181,"trust","No problems at all",43,"c.2.Yr.Coll",1,0,0,0,0,0,0,0,0,1,4,63,10.059,2,"d.Whiteface"
"78528215.4",78528215,"trust","",36,"b.HS.only",0,0,0,0,0,0,0,0,1,0,4,7,5.229,2,"d.Whiteface"
"78568712.4",78568712,"trust","N/A",29,"b.HS.only",1,0,0,0,0,0,0,0,0,0,4,70,4.907,2,"d.Whiteface"
"78597180.4",78597180,"trust","No I did not",25,"d.4.Yr.Coll",1,0,0,0,0,0,0,0,0,0,4,80,5.041,2,"d.Whiteface"
"78598423.4",78598423,"trust","No",28,"c.2.Yr.Coll",0,1,0,0,0,0,0,0,0,0,4,30,26.056,2,"d.Whiteface"
"78547563.4",78547563,"trust","Not at all.",70,"d.4.Yr.Coll",1,0,0,0,0,0,0,0,0,0,4,50,20.603,2,"d.Whiteface"
"78526619.4",78526619,"trust","No problems.",25,"b.HS.only",0,0,0,0,0,1,0,0,0,0,4,5,10.355,2,"d.Whiteface"
"78585731.4",78585731,"trust","",28,"b.HS.only",1,0,0,0,0,0,0,0,0,0,4,49,10.746,2,"d.Whiteface"
"78540623.4",78540623,"trust","",29,"b.HS.only",0,1,0,0,0,0,0,0,0,1,4,25,5.773,2,"d.Whiteface"
"78535997.4",78535997,"trust","nope",34,"b.HS.only",1,0,0,0,0,0,0,0,0,0,4,77,15.374,2,"d.Whiteface"
"78563487.4",78563487,"trust","Nope",22,"b.HS.only",1,0,0,0,0,0,0,0,0,0,4,70,12.808,2,"d.Whiteface"
"78528362.4",78528362,"trust","none",25,"d.4.Yr.Coll",0,1,0,0,0,0,0,0,0,1,4,8,12.112,1,"d.Whiteface"
"78511567.4",78511567,"trust","none, thanks!",25,"c.2.Yr.Coll",1,0,0,0,0,0,0,0,0,1,4,30,7.132,2,"d.Whiteface"
"78503669.4",78503669,"trust","No issues.",30,"c.2.Yr.Coll",1,0,0,0,0,0,0,0,0,0,4,25,10.482,2,"d.Whiteface"
"78592487.4",78592487,"trust","none",24,"d.4.Yr.Coll",0,0,0,0,0,1,0,0,0,0,4,30,18.111,1,"d.Whiteface"
"78575970.4",78575970,"trust","No",31,"d.4.Yr.Coll",1,0,0,0,0,0,0,0,0,1,4,20,14.608,1,"d.Whiteface"
"78500101.4",78500101,"trust","a bit",19,"b.HS.only",1,0,0,0,0,0,0,0,0,0,4,62,6.738,1,"d.Whiteface"
"78531088.4",78531088,"trust","",38,"d.4.Yr.Coll",0,0,0,0,0,1,0,0,0,0,4,100,3.914,2,"d.Whiteface"
"78511239.4",78511239,"trust","No problems at all.",35,"d.4.Yr.Coll",0,0,0,0,0,1,0,0,0,0,4,10,23.883,2,"d.Whiteface"
"78571823.4",78571823,"trust","none",39,"b.HS.only",1,0,0,0,0,0,0,0,0,1,4,31,5.656,2,"d.Whiteface"
"78549910.4",78549910,"trust","",29,"c.2.Yr.Coll",1,0,0,0,0,0,0,0,0,0,4,70,4.704,2,"d.Whiteface"
"78543404.4",78543404,"trust","there were no problems.",27,"d.4.Yr.Coll",1,0,0,0,0,0,0,0,0,0,4,50,4.388,2,"d.Whiteface"
"78571407.4",78571407,"trust","",31,"c.2.Yr.Coll",0,1,0,0,1,0,0,0,0,1,4,50,9.484,2,"d.Whiteface"
"78535143.4",78535143,"trust","No problems or confusion. / ",54,"c.2.Yr.Coll",1,0,0,0,0,0,0,0,0,1,4,0,4.545,2,"d.Whiteface"
"78546735.4",78546735,"trust","No issues.",48,"b.HS.only",0,0,0,0,0,0,0,0,1,0,4,10,6.275,2,"d.Whiteface"
"78571450.4",78571450,"trust","",32,"Post.Grad.Degree",0,0,0,0,0,1,0,0,0,0,4,38,8.494,2,"d.Whiteface"
"78572783.4",78572783,"trust","No, I was unable to begin it for quite a few minutes as I received a phone call after accepting the hit. I finished the call and began the survey.",26,"c.2.Yr.Coll",1,0,0,0,0,0,0,0,0,1,4,10,11.363,1,"d.Whiteface"
"78536369.4",78536369,"trust","",22,"d.4.Yr.Coll",1,0,0,0,0,0,0,0,0,1,4,0,3.879,2,"d.Whiteface"
"78537733.4",78537733,"trust","none",27,"d.4.Yr.Coll",1,0,0,0,0,0,0,0,0,0,4,58,5.865,2,"d.Whiteface"
"78533517.4",78533517,"trust","no",41,"d.4.Yr.Coll",1,0,0,0,0,0,0,0,0,0,4,47,4.673,2,"d.Whiteface"
"78558814.4",78558814,"trust","",28,"d.4.Yr.Coll",1,0,0,0,0,0,0,0,0,0,4,50,7.146,2,"d.Whiteface"
"78552348.4",78552348,"trust","no",27,"b.HS.only",0,1,0,0,0,0,0,0,0,1,4,62,7.428,1,"d.Whiteface"
"78502147.4",78502147,"trust","none",27,"d.4.Yr.Coll",1,0,0,0,0,0,0,0,0,0,4,40,32.845,2,"d.Whiteface"
"78555053.4",78555053,"trust","N/A. Have a great week!",27,"c.2.Yr.Coll",1,0,0,0,0,0,0,0,0,1,4,70,8.692,2,"d.Whiteface"
"78505310.4",78505310,"trust","No problems.",32,"b.HS.only",1,0,0,0,0,0,0,1,0,0,4,20,11.493,2,"d.Whiteface"
"78562581.4",78562581,"trust","no",42,"b.HS.only",1,0,0,0,0,0,0,0,0,0,4,60,6.457,2,"d.Whiteface"
"78536669.4",78536669,"trust","no",35,"d.4.Yr.Coll",0,1,0,0,0,0,0,0,0,1,4,60,15.595,2,"d.Whiteface"
"78569892.4",78569892,"trust","No.",60,"d.4.Yr.Coll",0,0,0,0,0,0,0,0,1,0,4,50,8.753,2,"d.Whiteface"
"78543656.4",78543656,"trust","None at all!",25,"b.HS.only",1,0,0,0,0,0,0,0,0,0,4,20,7.45,1,"d.Whiteface"
"78597788.4",78597788,"trust","No",27,"b.HS.only",1,0,0,0,0,0,0,0,0,1,4,30,11.612,2,"d.Whiteface"
"78527562.4",78527562,"trust","No",28,"Post.Grad.Degree",0,0,0,0,0,0,0,0,1,0,4,20,15.81,2,"d.Whiteface"
"78513264.4",78513264,"trust","",36,"d.4.Yr.Coll",1,0,0,0,0,0,0,0,0,0,4,49,4.504,1,"d.Whiteface"
"78585081.4",78585081,"trust","No",28,"b.HS.only",1,0,0,0,0,0,0,0,0,0,4,0,4.949,2,"d.Whiteface"
"78583778.4",78583778,"trust","No.",43,"c.2.Yr.Coll",0,1,0,0,0,0,0,0,0,1,4,5,30.751,2,"d.Whiteface"
"78545323.4",78545323,"trust","No",38,"Post.Grad.Degree",1,0,0,0,0,0,0,0,0,1,4,8,5.307,2,"d.Whiteface"
"78511987.4",78511987,"trust","No",22,"b.HS.only",0,1,0,0,0,0,0,0,0,1,4,52,9.126,2,"d.Whiteface"
"78566645.4",78566645,"trust","no",22,"d.4.Yr.Coll",1,0,0,0,0,0,0,0,0,0,4,8,3.162,2,"d.Whiteface"
"78517354.4",78517354,"trust","None!",28,"Post.Grad.Degree",1,0,0,0,0,0,0,0,0,1,4,10,6.241,2,"d.Whiteface"
"78595773.4",78595773,"trust","no",38,"Post.Grad.Degree",1,0,0,0,0,0,0,0,0,0,4,94,3.756,2,"d.Whiteface"
"78526822.4",78526822,"trust","",25,"d.4.Yr.Coll",0,0,0,0,0,0,1,0,0,0,4,5,7.22,2,"d.Whiteface"
"78532223.4",78532223,"trust","No problems",35,"Post.Grad.Degree",0,0,0,0,0,1,0,0,0,1,4,100,15.327,2,"d.Whiteface"
"78546442.4",78546442,"trust","No",24,"d.4.Yr.Coll",0,1,0,0,0,0,0,0,0,0,4,51,5.258,2,"d.Whiteface"
"78541123.4",78541123,"trust","",24,"d.4.Yr.Coll",0,0,0,0,0,0,1,0,0,0,4,11,2.861,2,"d.Whiteface"
"78574221.4",78574221,"trust","",28,"d.4.Yr.Coll",0,0,0,0,0,0,0,0,1,0,4,3,12.514,2,"d.Whiteface"
"78596493.4",78596493,"trust","No",24,"c.2.Yr.Coll",1,0,0,0,0,0,0,0,0,1,4,50,21.346,2,"d.Whiteface"
"78536824.4",78536824,"trust","",26,"b.HS.only",1,0,0,0,0,0,0,0,0,0,4,28,3.185,1,"d.Whiteface"
"78572264.4",78572264,"trust","Nope",24,"b.HS.only",1,0,0,0,0,0,0,0,0,0,4,20,5.679,2,"d.Whiteface"
"78590426.4",78590426,"trust","No.",37,"d.4.Yr.Coll",1,0,0,0,0,0,1,0,0,1,4,35,13.949,2,"d.Whiteface"
"78597122.4",78597122,"trust","no",36,"b.HS.only",1,0,0,0,0,0,0,0,0,1,4,20,5.473,2,"d.Whiteface"
"78516566.4",78516566,"trust","No",27,"d.4.Yr.Coll",1,0,0,0,0,0,0,0,0,1,4,10,4.533,1,"d.Whiteface"
"78532651.4",78532651,"trust","NO",32,"c.2.Yr.Coll",1,0,0,0,0,0,0,0,0,0,4,34,11.765,2,"d.Whiteface"
"78527550.4",78527550,"trust","NO",62,"d.4.Yr.Coll",1,0,0,0,0,0,0,0,0,0,4,50,6.552,2,"d.Whiteface"
"78538966.4",78538966,"trust","No",60,"b.HS.only",1,0,0,0,0,0,0,0,0,0,4,0,20.87,2,"d.Whiteface"
"78506627.4",78506627,"trust","no",30,"d.4.Yr.Coll",1,0,0,0,0,0,0,0,0,0,4,100,4.231,2,"d.Whiteface"
"78556158.4",78556158,"trust","no",22,"b.HS.only",1,0,0,0,0,0,0,0,0,0,4,20,7.911,2,"d.Whiteface"
"78508435.4",78508435,"trust","no",30,"c.2.Yr.Coll",1,0,0,0,0,0,0,0,0,1,4,75,19.295,2,"d.Whiteface"
"78581615.4",78581615,"trust","",42,"d.4.Yr.Coll",1,0,0,0,0,0,0,0,0,1,4,25,26.171,2,"d.Whiteface"
"78593011.4",78593011,"trust","no",60,"d.4.Yr.Coll",1,0,0,0,0,0,0,0,0,0,4,34,29.83,2,"d.Whiteface"
"78561540.4",78561540,"trust","no",24,"c.2.Yr.Coll",1,0,0,0,0,0,0,0,0,0,4,63,4.878,2,"d.Whiteface"
"78538995.4",78538995,"trust","no",28,"b.HS.only",1,0,0,0,0,0,0,0,0,1,4,38,3.809,2,"d.Whiteface"
"78515210.4",78515210,"trust","no",23,"d.4.Yr.Coll",1,0,0,0,0,0,0,0,0,0,4,32,28.769,2,"d.Whiteface"
"78557698.5",78557698,"trust","Nope",27,"Post.Grad.Degree",1,0,0,0,0,0,0,0,0,0,5,51,4.201,2,"e.Hanson"
"78592454.5",78592454,"trust","",25,"d.4.Yr.Coll",1,0,0,0,0,0,0,0,0,0,5,50,7.599,2,"e.Hanson"
"78535832.5",78535832,"trust","no",24,"b.HS.only",0,1,0,0,0,0,0,0,0,0,5,60,5.211,2,"e.Hanson"
"78599174.5",78599174,"trust","no",28,"d.4.Yr.Coll",1,0,0,0,0,0,0,0,0,0,5,51,6.693,1,"e.Hanson"
"78519821.5",78519821,"trust","",41,"d.4.Yr.Coll",1,0,0,0,0,0,0,0,0,0,5,35,4.467,2,"e.Hanson"
"78504272.5",78504272,"trust","no",32,"d.4.Yr.Coll",0,1,0,0,0,0,0,0,0,0,5,51,5.964,2,"e.Hanson"
"78511216.5",78511216,"trust","no",24,"b.HS.only",1,0,0,0,0,0,0,0,0,0,5,7,15.382,2,"e.Hanson"
"78585514.5",78585514,"trust","",29,"d.4.Yr.Coll",1,0,0,0,0,0,0,0,0,0,5,15,5.921,2,"e.Hanson"
"78528526.5",78528526,"trust","no",30,"d.4.Yr.Coll",1,0,0,0,0,0,0,0,0,0,5,30,9.743,2,"e.Hanson"
"78578713.5",78578713,"trust","no",41,"d.4.Yr.Coll",1,0,0,0,0,0,0,0,0,1,5,23,10.735,2,"e.Hanson"
"78527067.5",78527067,"trust","no",32,"b.HS.only",1,0,0,0,0,0,0,0,0,1,5,10,13.979,2,"e.Hanson"
"78560919.5",78560919,"trust","none",40,"d.4.Yr.Coll",1,0,0,0,0,0,0,0,0,0,5,50,7.584,2,"e.Hanson"
"78579143.5",78579143,"trust","NO",46,"a.No.HS",1,0,0,0,0,0,0,0,0,1,5,30,10.383,2,"e.Hanson"
"78553402.5",78553402,"trust","No",32,"d.4.Yr.Coll",1,0,0,0,0,0,0,0,0,0,5,100,3.334,2,"e.Hanson"
"78505334.5",78505334,"trust","No",39,"c.2.Yr.Coll",1,0,0,0,0,0,0,0,0,0,5,29,6.929,2,"e.Hanson"
"78583828.5",78583828,"trust","No.",35,"c.2.Yr.Coll",1,0,0,0,0,0,0,0,0,1,5,13,6.787,2,"e.Hanson"
"78560549.5",78560549,"trust","no",47,"d.4.Yr.Coll",1,0,0,0,0,0,0,0,0,0,5,20,10.716,2,"e.Hanson"
"78519295.5",78519295,"trust","no",31,"c.2.Yr.Coll",0,1,0,0,0,0,0,0,0,1,5,30,11.283,1,"e.Hanson"
"78536169.5",78536169,"trust","no",59,"d.4.Yr.Coll",1,0,0,0,0,0,0,0,0,0,5,9,10.711,2,"e.Hanson"
"78597857.5",78597857,"trust","No",25,"b.HS.only",1,0,0,0,0,0,0,0,1,0,5,19,4.407,2,"e.Hanson"
"78591259.5",78591259,"trust","None",24,"c.2.Yr.Coll",1,0,0,0,0,0,0,0,0,0,5,10,7.663,2,"e.Hanson"
"78585757.5",78585757,"trust","no, it ran very smoothly",48,"c.2.Yr.Coll",1,0,0,0,0,0,0,0,0,1,5,8,17.887,2,"e.Hanson"
"78529505.5",78529505,"trust","No confusion or problems. ",33,"b.HS.only",1,0,0,0,0,0,0,0,0,0,5,100,6.363,2,"e.Hanson"
"78556044.5",78556044,"trust","Went smoothly",19,"b.HS.only",0,0,0,0,1,0,0,0,0,1,5,62,7.053,2,"e.Hanson"
"78561251.5",78561251,"trust","N/A",24,"d.4.Yr.Coll",1,0,0,0,0,0,0,0,0,0,5,50,5.582,2,"e.Hanson"
"78535286.5",78535286,"trust","I did not experience any confusion or technical problems.",28,"b.HS.only",0,0,0,0,0,0,0,0,1,0,5,65,6.696,2,"e.Hanson"
"78558226.5",78558226,"trust","No confusion or technical problems.",27,"c.2.Yr.Coll",0,1,0,0,0,0,0,0,0,0,5,20,7.258,2,"e.Hanson"
"78542181.5",78542181,"trust","No problems at all",43,"c.2.Yr.Coll",1,0,0,0,0,0,0,0,0,1,5,50,9.705,2,"e.Hanson"
"78528215.5",78528215,"trust","",36,"b.HS.only",0,0,0,0,0,0,0,0,1,0,5,2,8.598,2,"e.Hanson"
"78568712.5",78568712,"trust","N/A",29,"b.HS.only",1,0,0,0,0,0,0,0,0,0,5,40,4.483,2,"e.Hanson"
"78597180.5",78597180,"trust","No I did not",25,"d.4.Yr.Coll",1,0,0,0,0,0,0,0,0,0,5,50,10.633,1,"e.Hanson"
"78598423.5",78598423,"trust","No",28,"c.2.Yr.Coll",0,1,0,0,0,0,0,0,0,0,5,0,12.23,2,"e.Hanson"
"78547563.5",78547563,"trust","Not at all.",70,"d.4.Yr.Coll",1,0,0,0,0,0,0,0,0,0,5,50,63.961,2,"e.Hanson"
"78526619.5",78526619,"trust","No problems.",25,"b.HS.only",0,0,0,0,0,1,0,0,0,0,5,15,7.428,1,"e.Hanson"
"78585731.5",78585731,"trust","",28,"b.HS.only",1,0,0,0,0,0,0,0,0,0,5,75,3.973,2,"e.Hanson"
"78540623.5",78540623,"trust","",29,"b.HS.only",0,1,0,0,0,0,0,0,0,1,5,20,6.146,2,"e.Hanson"
"78535997.5",78535997,"trust","nope",34,"b.HS.only",1,0,0,0,0,0,0,0,0,0,5,15,5.282,2,"e.Hanson"
"78563487.5",78563487,"trust","Nope",22,"b.HS.only",1,0,0,0,0,0,0,0,0,0,5,20,7.302,2,"e.Hanson"
"78528362.5",78528362,"trust","none",25,"d.4.Yr.Coll",0,1,0,0,0,0,0,0,0,1,5,15,10.208,2,"e.Hanson"
"78511567.5",78511567,"trust","none, thanks!",25,"c.2.Yr.Coll",1,0,0,0,0,0,0,0,0,1,5,20,7.694,2,"e.Hanson"
"78503669.5",78503669,"trust","No issues.",30,"c.2.Yr.Coll",1,0,0,0,0,0,0,0,0,0,5,10,4.344,2,"e.Hanson"
"78592487.5",78592487,"trust","none",24,"d.4.Yr.Coll",0,0,0,0,0,1,0,0,0,0,5,36,2.705,2,"e.Hanson"
"78575970.5",78575970,"trust","No",31,"d.4.Yr.Coll",1,0,0,0,0,0,0,0,0,1,5,10,11.239,2,"e.Hanson"
"78500101.5",78500101,"trust","a bit",19,"b.HS.only",1,0,0,0,0,0,0,0,0,0,5,47,3.001,2,"e.Hanson"
"78531088.5",78531088,"trust","",38,"d.4.Yr.Coll",0,0,0,0,0,1,0,0,0,0,5,100,6.347,2,"e.Hanson"
"78511239.5",78511239,"trust","No problems at all.",35,"d.4.Yr.Coll",0,0,0,0,0,1,0,0,0,0,5,35,16.422,2,"e.Hanson"
"78571823.5",78571823,"trust","none",39,"b.HS.only",1,0,0,0,0,0,0,0,0,1,5,39,4.74,2,"e.Hanson"
"78549910.5",78549910,"trust","",29,"c.2.Yr.Coll",1,0,0,0,0,0,0,0,0,0,5,93,3.656,2,"e.Hanson"
"78543404.5",78543404,"trust","there were no problems.",27,"d.4.Yr.Coll",1,0,0,0,0,0,0,0,0,0,5,50,6.793,2,"e.Hanson"
"78571407.5",78571407,"trust","",31,"c.2.Yr.Coll",0,1,0,0,1,0,0,0,0,1,5,50,22.819,2,"e.Hanson"
"78535143.5",78535143,"trust","No problems or confusion. / ",54,"c.2.Yr.Coll",1,0,0,0,0,0,0,0,0,1,5,10,6.378,2,"e.Hanson"
"78546735.5",78546735,"trust","No issues.",48,"b.HS.only",0,0,0,0,0,0,0,0,1,0,5,9,5.385,2,"e.Hanson"
"78571450.5",78571450,"trust","",32,"Post.Grad.Degree",0,0,0,0,0,1,0,0,0,0,5,30,18.395,2,"e.Hanson"
"78572783.5",78572783,"trust","No, I was unable to begin it for quite a few minutes as I received a phone call after accepting the hit. I finished the call and began the survey.",26,"c.2.Yr.Coll",1,0,0,0,0,0,0,0,0,1,5,0,4.234,2,"e.Hanson"
"78536369.5",78536369,"trust","",22,"d.4.Yr.Coll",1,0,0,0,0,0,0,0,0,1,5,0,3.848,2,"e.Hanson"
"78537733.5",78537733,"trust","none",27,"d.4.Yr.Coll",1,0,0,0,0,0,0,0,0,0,5,74,5.365,2,"e.Hanson"
"78533517.5",78533517,"trust","no",41,"d.4.Yr.Coll",1,0,0,0,0,0,0,0,0,0,5,54,3.153,1,"e.Hanson"
"78558814.5",78558814,"trust","",28,"d.4.Yr.Coll",1,0,0,0,0,0,0,0,0,0,5,50,11.953,2,"e.Hanson"
"78552348.5",78552348,"trust","no",27,"b.HS.only",0,1,0,0,0,0,0,0,0,1,5,59,4.882,2,"e.Hanson"
"78502147.5",78502147,"trust","none",27,"d.4.Yr.Coll",1,0,0,0,0,0,0,0,0,0,5,10,12.235,2,"e.Hanson"
"78555053.5",78555053,"trust","N/A. Have a great week!",27,"c.2.Yr.Coll",1,0,0,0,0,0,0,0,0,1,5,64,4.437,2,"e.Hanson"
"78505310.5",78505310,"trust","No problems.",32,"b.HS.only",1,0,0,0,0,0,0,1,0,0,5,20,9.389,2,"e.Hanson"
"78562581.5",78562581,"trust","no",42,"b.HS.only",1,0,0,0,0,0,0,0,0,0,5,40,9.822,2,"e.Hanson"
"78536669.5",78536669,"trust","no",35,"d.4.Yr.Coll",0,1,0,0,0,0,0,0,0,1,5,60,10.261,2,"e.Hanson"
"78569892.5",78569892,"trust","No.",60,"d.4.Yr.Coll",0,0,0,0,0,0,0,0,1,0,5,30,13.572,2,"e.Hanson"
"78543656.5",78543656,"trust","None at all!",25,"b.HS.only",1,0,0,0,0,0,0,0,0,0,5,20,7.683,2,"e.Hanson"
"78597788.5",78597788,"trust","No",27,"b.HS.only",1,0,0,0,0,0,0,0,0,1,5,10,8.607,2,"e.Hanson"
"78527562.5",78527562,"trust","No",28,"Post.Grad.Degree",0,0,0,0,0,0,0,0,1,0,5,40,14.564,2,"e.Hanson"
"78513264.5",78513264,"trust","",36,"d.4.Yr.Coll",1,0,0,0,0,0,0,0,0,0,5,46,11.145,2,"e.Hanson"
"78585081.5",78585081,"trust","No",28,"b.HS.only",1,0,0,0,0,0,0,0,0,0,5,0,4.915,2,"e.Hanson"
"78583778.5",78583778,"trust","No.",43,"c.2.Yr.Coll",0,1,0,0,0,0,0,0,0,1,5,0,28.888,2,"e.Hanson"
"78545323.5",78545323,"trust","No",38,"Post.Grad.Degree",1,0,0,0,0,0,0,0,0,1,5,0,13.587,2,"e.Hanson"
"78511987.5",78511987,"trust","No",22,"b.HS.only",0,1,0,0,0,0,0,0,0,1,5,40,10.649,2,"e.Hanson"
"78566645.5",78566645,"trust","no",22,"d.4.Yr.Coll",1,0,0,0,0,0,0,0,0,0,5,3,3.246,2,"e.Hanson"
"78517354.5",78517354,"trust","None!",28,"Post.Grad.Degree",1,0,0,0,0,0,0,0,0,1,5,10,7.864,2,"e.Hanson"
"78595773.5",78595773,"trust","no",38,"Post.Grad.Degree",1,0,0,0,0,0,0,0,0,0,5,84,3.743,2,"e.Hanson"
"78526822.5",78526822,"trust","",25,"d.4.Yr.Coll",0,0,0,0,0,0,1,0,0,0,5,10,6.062,2,"e.Hanson"
"78532223.5",78532223,"trust","No problems",35,"Post.Grad.Degree",0,0,0,0,0,1,0,0,0,1,5,100,7.294,2,"e.Hanson"
"78546442.5",78546442,"trust","No",24,"d.4.Yr.Coll",0,1,0,0,0,0,0,0,0,0,5,80,6.414,2,"e.Hanson"
"78541123.5",78541123,"trust","",24,"d.4.Yr.Coll",0,0,0,0,0,0,1,0,0,0,5,30,3.458,2,"e.Hanson"
"78574221.5",78574221,"trust","",28,"d.4.Yr.Coll",0,0,0,0,0,0,0,0,1,0,5,9,6.291,2,"e.Hanson"
"78596493.5",78596493,"trust","No",24,"c.2.Yr.Coll",1,0,0,0,0,0,0,0,0,1,5,50,4.673,2,"e.Hanson"
"78536824.5",78536824,"trust","",26,"b.HS.only",1,0,0,0,0,0,0,0,0,0,5,48,2.541,1,"e.Hanson"
"78572264.5",78572264,"trust","Nope",24,"b.HS.only",1,0,0,0,0,0,0,0,0,0,5,10,4.239,2,"e.Hanson"
"78590426.5",78590426,"trust","No.",37,"d.4.Yr.Coll",1,0,0,0,0,0,1,0,0,1,5,20,8.304,2,"e.Hanson"
"78597122.5",78597122,"trust","no",36,"b.HS.only",1,0,0,0,0,0,0,0,0,1,5,10,7.263,2,"e.Hanson"
"78516566.5",78516566,"trust","No",27,"d.4.Yr.Coll",1,0,0,0,0,0,0,0,0,1,5,5,4.445,2,"e.Hanson"
"78532651.5",78532651,"trust","NO",32,"c.2.Yr.Coll",1,0,0,0,0,0,0,0,0,0,5,71,14.9,2,"e.Hanson"
"78527550.5",78527550,"trust","NO",62,"d.4.Yr.Coll",1,0,0,0,0,0,0,0,0,0,5,40,17.093,2,"e.Hanson"
"78538966.5",78538966,"trust","No",60,"b.HS.only",1,0,0,0,0,0,0,0,0,0,5,100,36.547,2,"e.Hanson"
"78506627.5",78506627,"trust","no",30,"d.4.Yr.Coll",1,0,0,0,0,0,0,0,0,0,5,100,3.415,2,"e.Hanson"
"78556158.5",78556158,"trust","no",22,"b.HS.only",1,0,0,0,0,0,0,0,0,0,5,20,5.828,2,"e.Hanson"
"78508435.5",78508435,"trust","no",30,"c.2.Yr.Coll",1,0,0,0,0,0,0,0,0,1,5,75,10.769,2,"e.Hanson"
"78581615.5",78581615,"trust","",42,"d.4.Yr.Coll",1,0,0,0,0,0,0,0,0,1,5,0,13.991,2,"e.Hanson"
"78593011.5",78593011,"trust","no",60,"d.4.Yr.Coll",1,0,0,0,0,0,0,0,0,0,5,40,23.657,2,"e.Hanson"
"78561540.5",78561540,"trust","no",24,"c.2.Yr.Coll",1,0,0,0,0,0,0,0,0,0,5,69,8.533,2,"e.Hanson"
"78538995.5",78538995,"trust","no",28,"b.HS.only",1,0,0,0,0,0,0,0,0,1,5,44,50.675,2,"e.Hanson"
"78515210.5",78515210,"trust","no",23,"d.4.Yr.Coll",1,0,0,0,0,0,0,0,0,0,5,64,14.414,2,"e.Hanson"
"78557698.6",78557698,"trust","Nope",27,"Post.Grad.Degree",1,0,0,0,0,0,0,0,0,0,6,50,3.526,2,"f.Human"
"78592454.6",78592454,"trust","",25,"d.4.Yr.Coll",1,0,0,0,0,0,0,0,0,0,6,56,3.987,2,"f.Human"
"78535832.6",78535832,"trust","no",24,"b.HS.only",0,1,0,0,0,0,0,0,0,0,6,29,5.37,2,"f.Human"
"78599174.6",78599174,"trust","no",28,"d.4.Yr.Coll",1,0,0,0,0,0,0,0,0,0,6,68,7.283,1,"f.Human"
"78519821.6",78519821,"trust","",41,"d.4.Yr.Coll",1,0,0,0,0,0,0,0,0,0,6,61,30.468,1,"f.Human"
"78504272.6",78504272,"trust","no",32,"d.4.Yr.Coll",0,1,0,0,0,0,0,0,0,0,6,50,15.35,2,"f.Human"
"78511216.6",78511216,"trust","no",24,"b.HS.only",1,0,0,0,0,0,0,0,0,0,6,9,5.762,2,"f.Human"
"78585514.6",78585514,"trust","",29,"d.4.Yr.Coll",1,0,0,0,0,0,0,0,0,0,6,0,5.682,2,"f.Human"
"78528526.6",78528526,"trust","no",30,"d.4.Yr.Coll",1,0,0,0,0,0,0,0,0,0,6,35,11.149,2,"f.Human"
"78578713.6",78578713,"trust","no",41,"d.4.Yr.Coll",1,0,0,0,0,0,0,0,0,1,6,9,8.577,2,"f.Human"
"78527067.6",78527067,"trust","no",32,"b.HS.only",1,0,0,0,0,0,0,0,0,1,6,10,6.714,2,"f.Human"
"78560919.6",78560919,"trust","none",40,"d.4.Yr.Coll",1,0,0,0,0,0,0,0,0,0,6,100,9.374,2,"f.Human"
"78579143.6",78579143,"trust","NO",46,"a.No.HS",1,0,0,0,0,0,0,0,0,1,6,10,10.031,2,"f.Human"
"78553402.6",78553402,"trust","No",32,"d.4.Yr.Coll",1,0,0,0,0,0,0,0,0,0,6,100,3.725,2,"f.Human"
"78505334.6",78505334,"trust","No",39,"c.2.Yr.Coll",1,0,0,0,0,0,0,0,0,0,6,7,4.842,2,"f.Human"
"78583828.6",78583828,"trust","No.",35,"c.2.Yr.Coll",1,0,0,0,0,0,0,0,0,1,6,11,8.742,2,"f.Human"
"78560549.6",78560549,"trust","no",47,"d.4.Yr.Coll",1,0,0,0,0,0,0,0,0,0,6,14,10.811,2,"f.Human"
"78519295.6",78519295,"trust","no",31,"c.2.Yr.Coll",0,1,0,0,0,0,0,0,0,1,6,80,13.755,1,"f.Human"
"78536169.6",78536169,"trust","no",59,"d.4.Yr.Coll",1,0,0,0,0,0,0,0,0,0,6,6,7.463,2,"f.Human"
"78597857.6",78597857,"trust","No",25,"b.HS.only",1,0,0,0,0,0,0,0,1,0,6,27,9.907,2,"f.Human"
"78591259.6",78591259,"trust","None",24,"c.2.Yr.Coll",1,0,0,0,0,0,0,0,0,0,6,30,10.988,2,"f.Human"
"78585757.6",78585757,"trust","no, it ran very smoothly",48,"c.2.Yr.Coll",1,0,0,0,0,0,0,0,0,1,6,18,36.523,2,"f.Human"
"78529505.6",78529505,"trust","No confusion or problems. ",33,"b.HS.only",1,0,0,0,0,0,0,0,0,0,6,100,24.843,2,"f.Human"
"78556044.6",78556044,"trust","Went smoothly",19,"b.HS.only",0,0,0,0,1,0,0,0,0,1,6,51,5.745,2,"f.Human"
"78561251.6",78561251,"trust","N/A",24,"d.4.Yr.Coll",1,0,0,0,0,0,0,0,0,0,6,50,10.706,2,"f.Human"
"78535286.6",78535286,"trust","I did not experience any confusion or technical problems.",28,"b.HS.only",0,0,0,0,0,0,0,0,1,0,6,50,7.775,2,"f.Human"
"78558226.6",78558226,"trust","No confusion or technical problems.",27,"c.2.Yr.Coll",0,1,0,0,0,0,0,0,0,0,6,10,8.956,2,"f.Human"
"78542181.6",78542181,"trust","No problems at all",43,"c.2.Yr.Coll",1,0,0,0,0,0,0,0,0,1,6,35,13.22,2,"f.Human"
"78528215.6",78528215,"trust","",36,"b.HS.only",0,0,0,0,0,0,0,0,1,0,6,1,5.085,2,"f.Human"
"78568712.6",78568712,"trust","N/A",29,"b.HS.only",1,0,0,0,0,0,0,0,0,0,6,50,5.644,2,"f.Human"
"78597180.6",78597180,"trust","No I did not",25,"d.4.Yr.Coll",1,0,0,0,0,0,0,0,0,0,6,20,10.427,2,"f.Human"
"78598423.6",78598423,"trust","No",28,"c.2.Yr.Coll",0,1,0,0,0,0,0,0,0,0,6,19,5.078,2,"f.Human"
"78547563.6",78547563,"trust","Not at all.",70,"d.4.Yr.Coll",1,0,0,0,0,0,0,0,0,0,6,50,11.014,2,"f.Human"
"78526619.6",78526619,"trust","No problems.",25,"b.HS.only",0,0,0,0,0,1,0,0,0,0,6,10,6.638,1,"f.Human"
"78585731.6",78585731,"trust","",28,"b.HS.only",1,0,0,0,0,0,0,0,0,0,6,60,6.548,2,"f.Human"
"78540623.6",78540623,"trust","",29,"b.HS.only",0,1,0,0,0,0,0,0,0,1,6,20,12.469,2,"f.Human"
"78535997.6",78535997,"trust","nope",34,"b.HS.only",1,0,0,0,0,0,0,0,0,0,6,51,6.128,2,"f.Human"
"78563487.6",78563487,"trust","Nope",22,"b.HS.only",1,0,0,0,0,0,0,0,0,0,6,30,11.458,2,"f.Human"
"78528362.6",78528362,"trust","none",25,"d.4.Yr.Coll",0,1,0,0,0,0,0,0,0,1,6,12,5.103,1,"f.Human"
"78511567.6",78511567,"trust","none, thanks!",25,"c.2.Yr.Coll",1,0,0,0,0,0,0,0,0,1,6,20,10.501,2,"f.Human"
"78503669.6",78503669,"trust","No issues.",30,"c.2.Yr.Coll",1,0,0,0,0,0,0,0,0,0,6,10,7.582,2,"f.Human"
"78592487.6",78592487,"trust","none",24,"d.4.Yr.Coll",0,0,0,0,0,1,0,0,0,0,6,20,3.471,2,"f.Human"
"78575970.6",78575970,"trust","No",31,"d.4.Yr.Coll",1,0,0,0,0,0,0,0,0,1,6,5,9.311,2,"f.Human"
"78500101.6",78500101,"trust","a bit",19,"b.HS.only",1,0,0,0,0,0,0,0,0,0,6,41,7.85,2,"f.Human"
"78531088.6",78531088,"trust","",38,"d.4.Yr.Coll",0,0,0,0,0,1,0,0,0,0,6,100,9.769,2,"f.Human"
"78511239.6",78511239,"trust","No problems at all.",35,"d.4.Yr.Coll",0,0,0,0,0,1,0,0,0,0,6,10,22.333,2,"f.Human"
"78571823.6",78571823,"trust","none",39,"b.HS.only",1,0,0,0,0,0,0,0,0,1,6,53,5.082,2,"f.Human"
"78549910.6",78549910,"trust","",29,"c.2.Yr.Coll",1,0,0,0,0,0,0,0,0,0,6,20,7.05,2,"f.Human"
"78543404.6",78543404,"trust","there were no problems.",27,"d.4.Yr.Coll",1,0,0,0,0,0,0,0,0,0,6,60,5.542,2,"f.Human"
"78571407.6",78571407,"trust","",31,"c.2.Yr.Coll",0,1,0,0,1,0,0,0,0,1,6,29,6.906,2,"f.Human"
"78535143.6",78535143,"trust","No problems or confusion. / ",54,"c.2.Yr.Coll",1,0,0,0,0,0,0,0,0,1,6,60,11.375,2,"f.Human"
"78546735.6",78546735,"trust","No issues.",48,"b.HS.only",0,0,0,0,0,0,0,0,1,0,6,10,11.047,2,"f.Human"
"78571450.6",78571450,"trust","",32,"Post.Grad.Degree",0,0,0,0,0,1,0,0,0,0,6,54,15.725,2,"f.Human"
"78572783.6",78572783,"trust","No, I was unable to begin it for quite a few minutes as I received a phone call after accepting the hit. I finished the call and began the survey.",26,"c.2.Yr.Coll",1,0,0,0,0,0,0,0,0,1,6,0,10.227,2,"f.Human"
"78536369.6",78536369,"trust","",22,"d.4.Yr.Coll",1,0,0,0,0,0,0,0,0,1,6,0,4.435,2,"f.Human"
"78537733.6",78537733,"trust","none",27,"d.4.Yr.Coll",1,0,0,0,0,0,0,0,0,0,6,100,8.494,2,"f.Human"
"78533517.6",78533517,"trust","no",41,"d.4.Yr.Coll",1,0,0,0,0,0,0,0,0,0,6,62,4.503,1,"f.Human"
"78558814.6",78558814,"trust","",28,"d.4.Yr.Coll",1,0,0,0,0,0,0,0,0,0,6,50,8.161,2,"f.Human"
"78552348.6",78552348,"trust","no",27,"b.HS.only",0,1,0,0,0,0,0,0,0,1,6,49,4.963,2,"f.Human"
"78502147.6",78502147,"trust","none",27,"d.4.Yr.Coll",1,0,0,0,0,0,0,0,0,0,6,0,3.482,2,"f.Human"
"78555053.6",78555053,"trust","N/A. Have a great week!",27,"c.2.Yr.Coll",1,0,0,0,0,0,0,0,0,1,6,77,4.52,2,"f.Human"
"78505310.6",78505310,"trust","No problems.",32,"b.HS.only",1,0,0,0,0,0,0,1,0,0,6,50,15.155,2,"f.Human"
"78562581.6",78562581,"trust","no",42,"b.HS.only",1,0,0,0,0,0,0,0,0,0,6,0,9.773,2,"f.Human"
"78536669.6",78536669,"trust","no",35,"d.4.Yr.Coll",0,1,0,0,0,0,0,0,0,1,6,20,9.006,2,"f.Human"
"78569892.6",78569892,"trust","No.",60,"d.4.Yr.Coll",0,0,0,0,0,0,0,0,1,0,6,0,8.13,2,"f.Human"
"78543656.6",78543656,"trust","None at all!",25,"b.HS.only",1,0,0,0,0,0,0,0,0,0,6,40,6.374,2,"f.Human"
"78597788.6",78597788,"trust","No",27,"b.HS.only",1,0,0,0,0,0,0,0,0,1,6,49,9.666,2,"f.Human"
"78527562.6",78527562,"trust","No",28,"Post.Grad.Degree",0,0,0,0,0,0,0,0,1,0,6,50,29.637,2,"f.Human"
"78513264.6",78513264,"trust","",36,"d.4.Yr.Coll",1,0,0,0,0,0,0,0,0,0,6,55,144.686,2,"f.Human"
"78585081.6",78585081,"trust","No",28,"b.HS.only",1,0,0,0,0,0,0,0,0,0,6,0,6.648,2,"f.Human"
"78583778.6",78583778,"trust","No.",43,"c.2.Yr.Coll",0,1,0,0,0,0,0,0,0,1,6,20,26.323,2,"f.Human"
"78545323.6",78545323,"trust","No",38,"Post.Grad.Degree",1,0,0,0,0,0,0,0,0,1,6,0,4.888,2,"f.Human"
"78511987.6",78511987,"trust","No",22,"b.HS.only",0,1,0,0,0,0,0,0,0,1,6,3,9.574,2,"f.Human"
"78566645.6",78566645,"trust","no",22,"d.4.Yr.Coll",1,0,0,0,0,0,0,0,0,0,6,50,4.338,2,"f.Human"
"78517354.6",78517354,"trust","None!",28,"Post.Grad.Degree",1,0,0,0,0,0,0,0,0,1,6,20,27.911,2,"f.Human"
"78595773.6",78595773,"trust","no",38,"Post.Grad.Degree",1,0,0,0,0,0,0,0,0,0,6,90,2.128,2,"f.Human"
"78526822.6",78526822,"trust","",25,"d.4.Yr.Coll",0,0,0,0,0,0,1,0,0,0,6,20,7.475,2,"f.Human"
"78532223.6",78532223,"trust","No problems",35,"Post.Grad.Degree",0,0,0,0,0,1,0,0,0,1,6,100,7.462,2,"f.Human"
"78546442.6",78546442,"trust","No",24,"d.4.Yr.Coll",0,1,0,0,0,0,0,0,0,0,6,70,9.259,2,"f.Human"
"78541123.6",78541123,"trust","",24,"d.4.Yr.Coll",0,0,0,0,0,0,1,0,0,0,6,57,3.801,2,"f.Human"
"78574221.6",78574221,"trust","",28,"d.4.Yr.Coll",0,0,0,0,0,0,0,0,1,0,6,12,2.755,2,"f.Human"
"78596493.6",78596493,"trust","No",24,"c.2.Yr.Coll",1,0,0,0,0,0,0,0,0,1,6,40,6.044,2,"f.Human"
"78536824.6",78536824,"trust","",26,"b.HS.only",1,0,0,0,0,0,0,0,0,0,6,35,4.591,1,"f.Human"
"78572264.6",78572264,"trust","Nope",24,"b.HS.only",1,0,0,0,0,0,0,0,0,0,6,15,6.573,2,"f.Human"
"78590426.6",78590426,"trust","No.",37,"d.4.Yr.Coll",1,0,0,0,0,0,1,0,0,1,6,25,20.038,2,"f.Human"
"78597122.6",78597122,"trust","no",36,"b.HS.only",1,0,0,0,0,0,0,0,0,1,6,15,6.295,2,"f.Human"
"78516566.6",78516566,"trust","No",27,"d.4.Yr.Coll",1,0,0,0,0,0,0,0,0,1,6,3,5.519,2,"f.Human"
"78532651.6",78532651,"trust","NO",32,"c.2.Yr.Coll",1,0,0,0,0,0,0,0,0,0,6,5,13.267,2,"f.Human"
"78527550.6",78527550,"trust","NO",62,"d.4.Yr.Coll",1,0,0,0,0,0,0,0,0,0,6,60,9.832,2,"f.Human"
"78538966.6",78538966,"trust","No",60,"b.HS.only",1,0,0,0,0,0,0,0,0,0,6,0,9.558,2,"f.Human"
"78506627.6",78506627,"trust","no",30,"d.4.Yr.Coll",1,0,0,0,0,0,0,0,0,0,6,100,4.482,2,"f.Human"
"78556158.6",78556158,"trust","no",22,"b.HS.only",1,0,0,0,0,0,0,0,0,0,6,5,5.241,2,"f.Human"
"78508435.6",78508435,"trust","no",30,"c.2.Yr.Coll",1,0,0,0,0,0,0,0,0,1,6,75,13.99,2,"f.Human"
"78581615.6",78581615,"trust","",42,"d.4.Yr.Coll",1,0,0,0,0,0,0,0,0,1,6,5,17.817,2,"f.Human"
"78593011.6",78593011,"trust","no",60,"d.4.Yr.Coll",1,0,0,0,0,0,0,0,0,0,6,70,26.482,2,"f.Human"
"78561540.6",78561540,"trust","no",24,"c.2.Yr.Coll",1,0,0,0,0,0,0,0,0,0,6,73,5.794,2,"f.Human"
"78538995.6",78538995,"trust","no",28,"b.HS.only",1,0,0,0,0,0,0,0,0,1,6,44,22.689,2,"f.Human"
"78515210.6",78515210,"trust","no",23,"d.4.Yr.Coll",1,0,0,0,0,0,0,0,0,0,6,76,29.065,2,"f.Human"
